id	language	native	romanized	phonetic
AFG	Dari	افغانستان	Afghānistān	af-ghaa-ni-STAHN
ALB	Albanian	Shqipëria	Shqipëria	shchee-puh-REE-ah
DZA	Arabic	الجزائر	Al-Jazāʾir	al-jah-ZAA-ir
AND	Catalan	Andorra	Andorra	uhn-DOH-ruh
AGO	Portuguese	Angola	Angola	ahn-GOH-luh
ATG	English	Antigua and Barbuda	Antigua and Barbuda	an-TEE-guh and bar-BYOO-duh
ARG	Spanish	Argentina	Argentina	ar-hen-TEE-nah
ARM	Armenian	Հայաստան	Hayastan	hah-yahs-TAHN
AUS	English	Australia	Australia	uh-STRAY-lee-uh
AUT	German	Österreich	Österreich	UHS-ter-rykh
AZE	Azerbaijani	Azərbaycan	Azərbaycan	ah-zer-bye-JAHN
BHS	English	The Bahamas	The Bahamas	thuh buh-HAH-muz
BHR	Arabic	البحرين	Al-Baḥrayn	al-bah-RAYN
BGD	Bengali	বাংলাদেশ	Bānglādesh	bahng-lah-DESH
BRB	English	Barbados	Barbados	bar-BAY-doss
BLR	Belarusian	Беларусь	Bielaruś	bye-lah-ROOS
BEL	Dutch	België	België	BEL-khee-uh
BLZ	English	Belize	Belize	buh-LEEZ
BEN	French	Bénin	Bénin	bay-NAN
BTN	Dzongkha	འབྲུག་ཡུལ	Druk Yul	drook yool
BOL	Spanish	Bolivia	Bolivia	boh-LEE-vyah
BIH	Bosnian	Bosna i Hercegovina	Bosna i Hercegovina	BOSS-nah ee hert-seh-GOH-vee-nah
BWA	Tswana	Botswana	Botswana	boh-TSWAH-nah
BRA	Portuguese	Brasil	Brasil	brah-ZEEL
BRN	Malay	Brunei	Brunei	broo-NAY
BGR	Bulgarian	България	Bǎlgariya	BUHL-gah-ree-yah
BFA	French	Burkina Faso	Burkina Faso	boor-kee-nah fah-soh
BDI	Kirundi	Uburundi	Uburundi	oo-boo-ROON-dee
KHM	Khmer	កម្ពុជា	Kâmpŭchéa	kahm-poo-CHEE-uh
CMR	French	Cameroun	Cameroun	kam-ROON
CAN	English	Canada	Canada	KAN-uh-duh
CPV	Portuguese	Cabo Verde	Cabo Verde	KAH-boo VEHR-duh
CAF	Sango	Bêafrîka	Bêafrîka	beh-ah-FREE-kah
TCD	French	Tchad	Tchad	chahd
CHL	Spanish	Chile	Chile	CHEE-leh
CHN	Mandarin	中国	Zhōngguó	johng-gwoh
COL	Spanish	Colombia	Colombia	koh-LOHM-byah
COM	Comorian	Komori	Komori	koh-MOH-ree
COG	French	République du Congo	République du Congo	ray-pyoo-BLEEK dyoo KOHN-goh
CRI	Spanish	Costa Rica	Costa Rica	KOSS-tah REE-kah
HRV	Croatian	Hrvatska	Hrvatska	HUHR-vaht-skah
CUB	Spanish	Cuba	Cuba	KOO-bah
CYP	Greek	Κύπρος	Kýpros	KEE-pross
CZE	Czech	Česko	Česko	CHESS-koh
COD	French	République démocratique du Congo	République démocratique du Congo	ray-pyoo-BLEEK day-moh-krah-TEEK dyoo KOHN-goh
DNK	Danish	Danmark	Danmark	DAN-mark
DJI	Somali	Jabuuti	Jabuuti	jah-BOO-tee
DMA	English	Dominica	Dominica	dom-ih-NEE-kuh
DOM	Spanish	República Dominicana	República Dominicana	rreh-POO-blee-kah doh-mee-nee-KAH-nah
ECU	Spanish	Ecuador	Ecuador	eh-kwah-DOR
EGY	Arabic	مصر	Miṣr	missr
SLV	Spanish	El Salvador	El Salvador	el sahl-vah-DOR
GNQ	Spanish	Guinea Ecuatorial	Guinea Ecuatorial	GHEE-neh-ah eh-kwah-toh-RYAHL
ERI	Tigrinya	ኤርትራ	Ertra	ehr-TRAH
EST	Estonian	Eesti	Eesti	EHS-tee
SWZ	Swazi	eSwatini	eSwatini	eh-swah-TEE-nee
ETH	Amharic	ኢትዮጵያ	Ītyōṗṗyā	eet-YOH-pyah
FJI	Fijian	Viti	Viti	VEE-tee
FIN	Finnish	Suomi	Suomi	SOO-oh-mee
FRA	French	France	France	frahns
GAB	French	Gabon	Gabon	gah-BOHN
GMB	English	The Gambia	The Gambia	thuh GAM-bee-uh
GEO	Georgian	საქართველო	Sakartvelo	sah-kahrt-VEH-loh
DEU	German	Deutschland	Deutschland	DOYCH-lahnt
GHA	English	Ghana	Ghana	GAH-nuh
GRC	Greek	Ελλάδα	Elláda	eh-LAH-thah
GRD	English	Grenada	Grenada	gruh-NAY-duh
GTM	Spanish	Guatemala	Guatemala	gwah-teh-MAH-lah
GIN	French	Guinée	Guinée	ghee-NAY
GNB	Portuguese	Guiné-Bissau	Guiné-Bissau	ghee-NEH bee-SOW
GUY	English	Guyana	Guyana	guy-AN-uh
HTI	Haitian Creole	Ayiti	Ayiti	ah-yee-TEE
HND	Spanish	Honduras	Honduras	ohn-DOO-rahs
HUN	Hungarian	Magyarország	Magyarország	MAH-dyar-or-saag
ISL	Icelandic	Ísland	Ísland	EES-lahnt
IND	Hindi	भारत	Bhārat	BHAA-ruht
IDN	Indonesian	Indonesia	Indonesia	in-doh-NEH-see-ah
IRN	Persian	ایران	Īrān	ee-RAHN
IRQ	Arabic	العراق	Al-ʿIrāq	al-ee-RAAQ
IRL	Irish	Éire	Éire	AIR-uh
ISR	Hebrew	ישראל	Yisraʾel	yees-rah-EL
ITA	Italian	Italia	Italia	ee-TAH-lyah
CIV	French	Côte d’Ivoire	Côte d’Ivoire	koht dee-VWAHR
JAM	English	Jamaica	Jamaica	juh-MAY-kuh
JPN	Japanese	日本	Nihon	nee-hohn
JOR	Arabic	الأردن	Al-ʾUrdunn	al-OOR-doonn
KAZ	Kazakh	Қазақстан	Qazaqstan	qah-zahq-STAHN
KEN	Swahili	Kenya	Kenya	KEH-nyah
KIR	Gilbertese	Kiribati	Kiribati	kee-ree-bass
UNK	Albanian	Kosova	Kosova	koh-SOH-vah
KWT	Arabic	الكويت	Al-Kuwayt	al-koo-WAYT
KGZ	Kyrgyz	Кыргызстан	Kyrgyzstan	kuhr-guhz-STAHN
LAO	Lao	ລາວ	Lāo	laow
LVA	Latvian	Latvija	Latvija	LAHT-vee-yah
LBN	Arabic	لبنان	Lubnān	loob-NAAN
LSO	Sotho	Lesotho	Lesotho	leh-SOO-too
LBR	English	Liberia	Liberia	ly-BEER-ee-uh
LBY	Arabic	ليبيا	Lībiyā	LEE-bee-yah
LIE	German	Liechtenstein	Liechtenstein	LIKH-ten-shtyne
LTU	Lithuanian	Lietuva	Lietuva	lyeh-too-VAH
LUX	Luxembourgish	Lëtzebuerg	Lëtzebuerg	LET-suh-boo-urkh
MDG	Malagasy	Madagasikara	Madagasikara	mah-dah-gah-SEE-kah-rah
MWI	Chichewa	Malaŵi	Malaŵi	mah-LAH-wee
MYS	Malay	Malaysia	Malaysia	mah-LAY-see-ah
MDV	Dhivehi	ދިވެހިރާއްޖެ	Dhivehi Rājjē	dhee-VEH-hee RAAJ-jeh
MLI	Bambara	Mali	Mali	mah-lee
MLT	Maltese	Malta	Malta	MAHL-tah
MHL	Marshallese	Aorōkin Ṃajeḷ	Aorōkin Ṃajeḷ	ow-ROH-kin MAH-jel
MRT	Arabic	موريتانيا	Mūrītānyā	moo-ree-TAA-nyah
MUS	Mauritian Creole	Moris	Moris	moh-REES
MEX	Spanish	México	México	MEH-hee-koh
FSM	English	Federated States of Micronesia	Federated States of Micronesia	FED-uh-ray-tid stayts uv my-kroh-NEE-zhuh
MDA	Romanian	Moldova	Moldova	mohl-DOH-vah
MCO	French	Monaco	Monaco	moh-nah-KOH
MNG	Mongolian	Монгол Улс	Mongol Uls	mohng-gohl ools
MNE	Montenegrin	Crna Gora	Crna Gora	TSUHR-nah GOH-rah
MAR	Arabic	المغرب	Al-Maghrib	al-MAGH-rib
MOZ	Portuguese	Moçambique	Moçambique	moo-sahm-BEE-kuh
MMR	Burmese	မြန်မာ	Myanma	myuhn-mah
NAM	English	Namibia	Namibia	nuh-MIB-ee-uh
NRU	Nauruan	Naoero	Naoero	nah-oh-EH-roh
NPL	Nepali	नेपाल	Nepāl	neh-PAAL
NLD	Dutch	Nederland	Nederland	NAY-der-lahnt
NZL	Māori	Aotearoa	Aotearoa	ah-oh-teh-ah-ROH-ah
NIC	Spanish	Nicaragua	Nicaragua	nee-kah-RAH-gwah
NER	Hausa	Nijar	Nijar	nee-JAR
NGA	English	Nigeria	Nigeria	ny-JEER-ee-uh
PRK	Korean	조선	Chosŏn	choh-suhn
MKD	Macedonian	Северна Македонија	Severna Makedonija	SEH-vehr-nah mah-keh-DOH-nee-yah
NOR	Norwegian Bokmål	Norge	Norge	NOR-guh
OMN	Arabic	عُمان	ʿUmān	oo-MAAN
PAK	Urdu	پاکستان	Pākistān	paa-kis-TAAN
PLW	Palauan	Belau	Belau	beh-LAO
PSE	Arabic	فلسطين	Filasṭīn	fee-lahs-TEEN
PAN	Spanish	Panamá	Panamá	pah-nah-MAH
PNG	Tok Pisin	Papua Niugini	Papua Niugini	PAH-poo-ah nyoo-GHEE-nee
PRY	Guaraní	Paraguái	Paraguái	pah-rah-GWAI
PER	Spanish	Perú	Perú	peh-ROO
PHL	Tagalog	Pilipinas	Pilipinas	pee-lee-PEE-nahs
POL	Polish	Polska	Polska	POHL-skah
PRT	Portuguese	Portugal	Portugal	poor-too-GAHL
QAT	Arabic	قطر	Qaṭar	QAH-tar
ROU	Romanian	România	România	roh-muh-NEE-ah
RUS	Russian	Россия	Rossiya	roh-SEE-yuh
RWA	Kinyarwanda	Rwanda	Rwanda	rwah-ndah
KNA	English	Saint Kitts and Nevis	Saint Kitts and Nevis	saynt kits and NEE-vis
LCA	English	Saint Lucia	Saint Lucia	saynt LOO-shuh
VCT	English	Saint Vincent and the Grenadines	Saint Vincent and the Grenadines	saynt VIN-sunt and thuh gren-uh-DEENZ
WSM	Samoan	Sāmoa	Sāmoa	SAA-moh-ah
SMR	Italian	San Marino	San Marino	sahn mah-REE-noh
SAU	Arabic	السعودية	As-Suʿūdiyya	as-soo-oo-DEE-yah
SEN	Wolof	Senegaal	Senegaal	seh-neh-GAAL
SRB	Serbian	Србија	Srbija	SUHR-bee-yah
SYC	Seychellois Creole	Sesel	Sesel	seh-SEL
SLE	English	Sierra Leone	Sierra Leone	see-EH-ruh lee-OHN
SGP	Malay	Singapura	Singapura	sing-ah-POO-rah
SVK	Slovak	Slovensko	Slovensko	SLOH-ven-skoh
SVN	Slovene	Slovenija	Slovenija	sloh-VEH-nee-yah
SLB	English	Solomon Islands	Solomon Islands	SOL-uh-mun EYE-lundz
SOM	Somali	Soomaaliya	Soomaaliya	soh-MAA-lee-yah
ZAF	Zulu	iNingizimu Afrika	iNingizimu Afrika	ee-neen-ghee-ZEE-moo AH-free-kah
KOR	Korean	한국	Hanguk	hahn-gook
SSD	English	South Sudan	South Sudan	sowth soo-DAHN
ESP	Spanish	España	España	ehs-PAH-nyah
LKA	Sinhalese	ශ්‍රී ලංකාව	Śrī Laṅkāva	shree lahng-KAA-vah
SDN	Arabic	السودان	As-Sūdān	as-soo-DAAN
SUR	Dutch	Suriname	Suriname	soo-ree-NAH-muh
SWE	Swedish	Sverige	Sverige	SVEH-ree-yeh
CHE	German	Schweiz	Schweiz	shvyts
SYR	Arabic	سورية	Sūriyā	SOO-ree-yah
STP	Portuguese	São Tomé e Príncipe	São Tomé e Príncipe	sow toh-MEH ee PREEN-see-puh
TWN	Mandarin	臺灣	Táiwān	tai-wahn
TJK	Tajik	Тоҷикистон	Tojikiston	toh-jee-kees-TOHN
TZA	Swahili	Tanzania	Tanzania	tahn-zah-NEE-ah
THA	Thai	ประเทศไทย	Prathet Thai	prah-thet thai
TLS	Tetum	Timor Lorosa'e	Timor Lorosa'e	tee-MOR loh-roh-SAH-eh
TGO	French	Togo	Togo	toh-GOH
TON	Tongan	Tonga	Tonga	TOH-ngah
TTO	English	Trinidad and Tobago	Trinidad and Tobago	TRIN-ih-dad and tuh-BAY-goh
TUN	Arabic	تونس	Tūnis	TOO-nis
TKM	Turkmen	Türkmenistan	Türkmenistan	tuerk-meh-nees-TAHN
TUV	Tuvaluan	Tuvalu	Tuvalu	too-vah-loo
TUR	Turkish	Türkiye	Türkiye	TUER-kee-yeh
UGA	Swahili	Uganda	Uganda	oo-GAHN-dah
UKR	Ukrainian	Україна	Ukrayina	oo-krah-YEE-nah
ARE	Arabic	الإمارات العربية المتحدة	Al-ʾImārāt al-ʿArabiyya al-Muttaḥida	al-ee-maa-RAAT al-ah-rah-BEE-yah al-moot-TAH-hee-dah
GBR	English	United Kingdom	United Kingdom	yoo-NY-tid KING-dum
USA	English	United States	United States	yoo-NY-tid stayts
URY	Spanish	Uruguay	Uruguay	oo-roo-GWAI
UZB	Uzbek	O‘zbekiston	Oʻzbekiston	ohz-beh-kis-TAHN
VUT	Bislama	Vanuatu	Vanuatu	vah-noo-AH-too
VAT	Italian	Città del Vaticano	Città del Vaticano	cheet-TAH del vah-tee-KAH-noh
VEN	Spanish	Venezuela	Venezuela	beh-neh-SWEH-lah
VNM	Vietnamese	Việt Nam	Việt Nam	veet nahm
YEM	Arabic	اليمن	Al-Yaman	al-YAH-mahn
ZMB	English	Zambia	Zambia	ZAM-bee-uh
ZWE	Shona	Zimbabwe	Zimbabwe	zeem-BAH-bweh
AFG	Pashto	افغانستان	Afghānistān	af-ghaa-nis-TAAN
DZA	Kabyle	ⴷⵣⴰⵢⴻⵔ	Dzayer	dzah-yer
BEL	French	Belgique	Belgique	bel-ZHEEK
BEL	German	Belgien	Belgien	BEL-ghee-en
BLR	Russian	Беларусь	Belarusʹ	bye-lah-ROOS
BOL	Quechua	Buliwya	Buliwya	boo-LEEW-yah
BOL	Aymara	Wuliwya	Wuliwya	woo-LEEW-yah
BOL	Guaraní	Volívia	Volívia	voh-LEE-vyah
BIH	Serbian	Босна и Херцеговина	Bosna i Hercegovina	BOSS-nah ee hert-seh-GOH-vee-nah
BIH	Croatian	Bosna i Hercegovina	Bosna i Hercegovina	BOSS-nah ee hert-seh-GOH-vee-nah
BRN	Malay (Jawi)	بروني	Brunei	broo-NAY
BDI	French	Burundi	Burundi	boo-roon-DEE
CMR	English	Cameroon	Cameroon	kam-uh-ROON
CAN	French	Canada	Canada	kah-nah-DAH
CAF	French	Centrafrique	Centrafrique	sahn-trah-FREEK
TCD	Arabic	تشاد	Tshād	chaad
COM	Arabic	جزر القمر	Juzur al-Qumur	joo-zoor al-QOO-moor
COM	French	Comores	Comores	koh-MOR
CYP	Turkish	Kıbrıs	Kıbrıs	KUH-bruhs
DJI	French	Djibouti	Djibouti	jee-boo-TEE
DJI	Arabic	جيبوتي	Jībūtī	jee-BOO-tee
DJI	Afar	Gabuuti	Gabuuti	gah-BOO-tee
EGY	Egyptian Arabic	مصر	Maṣr	massr
GNQ	French	Guinée équatoriale	Guinée équatoriale	ghee-NAY eh-kwah-toh-RYAHL
GNQ	Portuguese	Guiné Equatorial	Guiné Equatorial	ghee-NEH eh-kwah-too-ree-AHL
ERI	Arabic	إرتريا	Iritriyā	ee-rit-ree-yah
FJI	English	Fiji	Fiji	FEE-jee
FJI	Hindi	फ़िजी	Fijī	fi-jee
FIN	Swedish	Finland	Finland	FIN-lahnd
HTI	French	Haïti	Haïti	ah-ee-TEE
IND	English	India	India	IN-dee-uh
IND	Bengali	ভারত	Bhārat	BHAA-ruht
IND	Tamil	பாரதம்	Pāratam	BAA-rah-thum
IRQ	Kurdish	عێراق	Êraq	eh-RAAQ
IRL	English	Ireland	Ireland	EYE-er-lund
ISR	Arabic	إسرائيل	Isrāʾīl	iss-raa-EEL
JPN	Japanese	日本	Nippon	neep-pohn
KAZ	Russian	Казахстан	Kazakhstan	kah-zahkh-STAHN
UNK	Serbian	Косово	Kosovo	KOH-soh-voh
KGZ	Russian	Кыргызстан	Kyrgyzstan	kuhr-guhz-STAHN
LUX	French	Luxembourg	Luxembourg	look-sahm-BOOR
LUX	German	Luxemburg	Luxemburg	LOOK-sem-boork
MDG	French	Madagascar	Madagascar	mah-dah-gahs-KAR
MLT	English	Malta	Malta	MAWL-tuh
MHL	English	Marshall Islands	Marshall Islands	MAR-shul EYE-lundz
MUS	French	Maurice	Maurice	moh-REES
MUS	English	Mauritius	Mauritius	muh-RISH-us
MEX	Classical Nahuatl	Mēxihco	Mēxihco	meh-SHEE-koh
MNE	Montenegrin (Cyrillic)	Црна Гора	Crna Gora	TSUHR-nah GOH-rah
MAR	Central Atlas Tamazight	ⵍⵎⵖⵔⵉⴱ	Lmeɣrib	l-megh-rib
NAM	Afrikaans	Namibië	Namibië	nah-MEE-bee-uh
NAM	German	Namibia	Namibia	nah-MEE-bee-ah
NRU	English	Nauru	Nauru	nah-OO-roo
NLD	West Frisian	Nederlân	Nederlân	NAY-der-lawn
NZL	English	New Zealand	New Zealand	nyoo ZEE-lund
NER	French	Niger	Niger	nee-ZHAIR
NGA	Hausa	Nijeriya	Nijeriya	nee-JEH-ree-yah
NGA	Yoruba	Nàìjíríà	Nàìjíríà	nai-jee-ree-ah
MKD	Albanian	Maqedonia e Veriut	Maqedonia e Veriut	mah-cheh-DOH-nyah eh VEH-ree-oot
NOR	Norwegian Nynorsk	Noreg	Noreg	NOO-reg
NOR	Northern Sami	Norga	Norga	NOR-gah
PAK	English	Pakistan	Pakistan	PAK-ih-stan
PLW	English	Palau	Palau	puh-LAO
PNG	English	Papua New Guinea	Papua New Guinea	PAH-poo-uh nyoo GIN-ee
PNG	Hiri Motu	Papua Niu Gini	Papua Niu Gini	PAH-poo-ah nyoo GHEE-nee
PRY	Spanish	Paraguay	Paraguay	pah-rah-GWAI
PER	Quechua	Piruw	Piruw	pee-roow
PHL	English	Philippines	Philippines	FIL-ih-peenz
SEN	French	Sénégal	Sénégal	seh-neh-GAHL
SYC	French	Seychelles	Seychelles	seh-SHEL
SGP	English	Singapore	Singapore	SING-uh-por
SGP	Mandarin	新加坡	Xīnjiāpō	shin-jyah-pwoh
SGP	Tamil	சிங்கப்பூர்	Ciṅkappūr	sing-gahp-poor
SOM	Arabic	الصومال	Aṣ-Ṣūmāl	as-soo-MAAL
ZAF	English	South Africa	South Africa	sowth AF-ri-kuh
ZAF	Afrikaans	Suid-Afrika	Suid-Afrika	sayt AH-free-kah
ZAF	Xhosa	uMzantsi Afrika	uMzantsi Afrika	oom-ZAHNT-see AH-free-kah
ZAF	Northern Sotho	Afrika-Borwa	Afrika-Borwa	AH-free-kah BOR-wah
ZAF	Sotho	Afrika Borwa	Afrika Borwa	AH-free-kah BOR-wah
ZAF	Tswana	Aforika Borwa	Aforika Borwa	ah-FOH-ree-kah BOR-wah
ZAF	Venda	Afurika Tshipembe	Afurika Tshipembe	ah-FOO-ree-kah chee-PEHM-beh
ZAF	Tsonga	Afrika Dzonga	Afrika Dzonga	AH-free-kah DZOH-ngah
ZAF	Swazi	iNingizimu Afrika	iNingizimu Afrika	ee-neen-ghee-ZEE-moo AH-free-kah
ZAF	Southern Ndebele	iSewula Afrika	iSewula Afrika	ee-seh-WOO-lah AH-free-kah
ESP	Catalan	Espanya	Espanya	ehs-PAH-nyah
ESP	Basque	Espainia	Espainia	ehs-PAI-nee-ah
ESP	Galician	España	España	ehs-PAH-nyah
LKA	Tamil	இலங்கை	Ilaṅkai	ee-LAHNG-gai
CHE	French	Suisse	Suisse	sweess
CHE	Italian	Svizzera	Svizzera	ZVEET-tseh-rah
CHE	Romansh	Svizra	Svizra	ZVEE-tsrah
TLS	Portuguese	Timor-Leste	Timor-Leste	tee-MOR LESH-tuh
GBR	Welsh	Y Deyrnas Unedig	Y Deyrnas Unedig	uh DAYR-nahs ee-NEH-dig
GBR	Scottish Gaelic	Rìoghachd Aonaichte	Rìoghachd Aonaichte	REE-uhkhk OO-nikh-chuh
GBR	Irish	Ríocht Aontaithe	Ríocht Aontaithe	REE-ukht AYN-tuh-huh
GBR	Scots	Unitit Kinrick	Unitit Kinrick	yoo-NY-tit KIN-rik
GBR	Cornish	An Rywvaneth Unys	An Rywvaneth Unys	an riw-VAH-neth EE-niss
USA	Hawaiian	ʻAmelika Hui Pū ʻIa	ʻAmelika Hui Pū ʻIa	ah-meh-LEE-kah hoo-ee poo ee-ah
USA	Spanish	Estados Unidos	Estados Unidos	ehs-TAH-dohs oo-NEE-dohs
VAT	Latin	Civitas Vaticana	Civitas Vaticana	KEE-wee-tahs wah-tee-KAH-nah
VUT	French	Vanuatu	Vanuatu	vah-noo-ah-TOO
VUT	English	Vanuatu	Vanuatu	vah-noo-AH-too
ZWE	English	Zimbabwe	Zimbabwe	zim-BAHB-way
